"Tiempo (s) Serie Nº 4";"Aceleración - y (m/s²) Serie Nº 4";"Vector velocidad (m/s) Serie Nº 4";"Tiempo (s) Serie Nº 5";"Aceleración - y (m/s²) Serie Nº 5";"Vector velocidad (m/s) Serie Nº 5";"Tiempo (s) Serie Nº 6";"Aceleración - y (m/s²) Serie Nº 6";"Vector velocidad (m/s) Serie Nº 6";"Tiempo (s) Serie Nº 7";"Aceleración - y (m/s²) Serie Nº 7";"Vector velocidad (m/s) Serie Nº 7";"Tiempo (s) Serie Nº 8";"Aceleración - y (m/s²) Serie Nº 8";"Vector velocidad (m/s) Serie Nº 8";"Tiempo (s) Serie Nº 9";"Aceleración - y (m/s²) Serie Nº 9";"Vector velocidad (m/s) Serie Nº 9";"Tiempo (s) Serie Nº 10";"Aceleración - y (m/s²) Serie Nº 10";"Vector velocidad (m/s) Serie Nº 10";"Tiempo (s) Serie Nº 12";"Aceleración - y (m/s²) Serie Nº 12";"Vector velocidad (m/s) Serie Nº 12";"Tiempo (s) Serie Nº 13";"Aceleración - y (m/s²) Serie Nº 13";"Vector velocidad (m/s) Serie Nº 13";"Tiempo (s) Serie Nº 14";"Aceleración - y (m/s²) Serie Nº 14";"Vector velocidad (m/s) Serie Nº 14"
0,000;9,8;;0,000;9,8;;0,000;9,7;;0,000;9,6;;0,000;9,5;;0,000;9,4;;0,000;9,3;;0,000;9,7;;0,000;9,6;;0,000;9,4;
0,050;9,8;0,000;0,050;9,8;-0,006;0,050;9,7;0,002;0,050;9,6;-0,002;0,050;9,5;0,000;0,050;9,4;-0,002;0,050;9,3;-0,002;0,050;9,8;0,001;0,050;9,6;-0,002;0,050;9,4;0,000
0,100;9,8;-0,001;0,100;9,8;-8,084E-4;0,100;9,7;0,005;0,100;9,6;-0,002;0,100;9,5;-8,084E-4;0,100;9,4;-8,084E-4;0,100;9,3;-8,084E-4;0,100;9,8;-0,006;0,100;9,6;-0,002;0,100;9,4;4,042E-4
0,150;9,8;-0,003;0,150;9,7;0,003;0,150;9,7;0,005;0,150;9,6;-0,002;0,150;9,5;-0,002;0,150;9,4;-4,042E-4;0,150;9,3;0,000;0,150;9,8;-0,016;0,150;9,6;-0,001;0,150;9,4;4,042E-4
0,200;9,8;-0,004;0,200;9,7;0,004;0,200;9,7;0,003;0,200;9,6;-0,001;0,200;9,5;-0,004;0,200;9,4;-8,084E-4;0,200;9,3;0,000;0,200;9,7;-0,016;0,200;9,6;-4,042E-4;0,200;9,4;0,000
0,250;9,8;-0,002;0,250;9,7;0,003;0,250;9,7;0,000;0,250;9,6;-8,084E-4;0,250;9,5;-0,004;0,250;9,4;-8,084E-4;0,250;9,3;0,000;0,250;9,8;0,007;0,250;9,6;-8,084E-4;0,250;9,4;0,000
0,300;9,8;0,001;0,300;9,8;8,084E-4;0,300;9,7;-0,002;0,300;9,5;-0,002;0,300;9,4;-0,004;0,300;9,4;-4,042E-4;0,300;9,3;-4,042E-4;0,300;9,8;0,049;0,300;9,6;-0,002;0,300;9,4;-4,042E-4
0,350;9,8;0,005;0,350;9,8;-0,002;0,350;9,7;-0,004;0,350;9,6;-0,002;0,350;9,5;-0,005;0,350;9,4;0,000;0,350;9,3;-0,001;0,350;9,7;0,096;0,350;9,6;0,000;0,350;9,4;-0,001
0,400;9,8;0,014;0,400;9,8;-0,002;0,400;9,7;-0,003;0,400;9,5;-0,002;0,400;9,5;-0,006;0,400;9,3;-4,042E-4;0,400;9,3;-0,002;0,400;9,7;0,143;0,400;9,6;0,009;0,400;9,4;-0,002
0,450;9,8;0,032;0,450;9,8;0,000;0,450;9,7;-8,084E-4;0,450;9,5;-0,002;0,450;9,5;-0,004;0,450;9,4;-0,001;0,450;9,3;-0,003;0,450;9,7;0,189;0,450;9,6;0,036;0,450;9,4;-0,003
0,500;9,8;0,058;0,500;9,7;0,001;0,500;9,7;0,002;0,500;9,5;-0,002;0,500;9,4;0,011;0,500;9,3;-0,002;0,500;9,3;-0,004;0,500;9,6;0,235;0,500;9,6;0,087;0,500;9,4;0,002
0,550;9,7;0,088;0,550;9,7;4,042E-4;0,550;9,7;0,004;0,550;9,5;-0,001;0,550;9,4;0,056;0,550;9,4;8,084E-4;0,550;9,3;-0,004;0,550;9,7;0,281;0,550;9,6;0,159;0,550;9,4;0,027
0,600;9,8;0,118;0,600;9,7;-0,001;0,600;9,6;0,004;0,600;9,6;4,042E-4;0,600;9,5;0,139;0,600;9,4;0,017;0,600;9,3;-0,004;0,600;9,9;0,328;0,600;9,5;0,242;0,600;9,4;0,089
0,650;9,8;0,149;0,650;9,7;-0,002;0,650;9,7;0,004;0,650;9,5;0,004;0,650;9,5;0,249;0,650;9,3;0,058;0,650;9,2;-0,003;0,650;9,7;0,373;0,650;9,6;0,328;0,650;9,4;0,188
0,700;9,7;0,179;0,700;9,7;-0,002;0,700;9,7;0,002;0,700;9,5;0,008;0,700;9,5;0,369;0,700;9,4;0,135;0,700;9,3;-0,002;0,700;9,7;0,418;0,700;9,7;0,415;0,700;9,5;0,310
0,750;9,9;0,210;0,750;9,8;-0,002;0,750;9,7;4,042E-4;0,750;9,6;0,013;0,750;9,4;0,489;0,750;9,3;0,245;0,750;9,3;-0,002;0,750;9,8;0,463;0,750;9,4;0,502;0,750;9,5;0,440
0,800;9,8;0,240;0,800;9,8;-0,003;0,800;9,7;-0,002;0,800;9,5;0,021;0,800;9,5;0,608;0,800;9,4;0,377;0,800;9,3;-4,042E-4;0,800;9,7;0,509;0,800;9,7;0,589;0,800;9,6;0,570
0,850;9,7;0,268;0,850;9,7;-0,003;0,850;9,6;-8,084E-4;0,850;9,5;0,037;0,850;9,7;0,726;0,850;9,4;0,514;0,850;9,3;8,084E-4;0,850;9,8;0,555;0,850;9,7;0,675;0,850;9,7;0,699
0,900;9,8;0,295;0,900;9,8;-0,002;0,900;9,7;0,002;0,900;9,5;0,070;0,900;9,2;0,843;0,900;9,3;0,650;0,900;9,3;0,009;0,900;9,7;0,601;0,900;9,4;0,762;0,900;9,4;0,828
0,950;9,7;0,322;0,950;9,7;-4,042E-4;0,950;9,7;0,004;0,950;9,6;0,116;0,950;9,5;0,958;0,950;9,3;0,786;0,950;9,3;0,039;0,950;9,6;0,647;0,950;9,5;0,850;0,950;9,6;0,959
1,000;9,8;0,350;1,000;9,7;0,001;1,000;9,7;0,002;1,000;9,5;0,170;1,000;9,5;1,074;1,000;9,1;0,922;1,000;9,3;0,108;1,000;9,8;0,693;1,000;9,6;0,937;1,000;9,3;1,090
1,050;9,8;0,378;1,050;9,8;0,002;1,050;9,7;2,168E-18;1,050;9,5;0,232;1,050;9,6;1,189;1,050;9,3;1,059;1,050;9,4;0,219;1,050;9,9;0,738;1,050;9,6;1,024;1,050;8,9;1,222
1,100;9,9;0,407;1,100;9,8;0,001;1,100;9,7;-0,002;1,100;9,6;0,307;1,100;9,4;1,304;1,100;9,5;1,196;1,100;9,3;0,358;1,100;9,7;0,784;1,100;9,6;1,112;1,100;9,2;1,355
1,150;9,7;0,435;1,150;9,7;-0,003;1,150;9,7;-0,003;1,150;9,6;0,399;1,150;9,6;1,420;1,150;8,9;1,333;1,150;9,3;0,508;1,150;10,0;0,831;1,150;9,3;1,199;1,150;9,2;1,487
1,200;9,8;0,464;1,200;9,8;-0,007;1,200;9,7;-0,004;1,200;9,6;0,501;1,200;9,3;1,536;1,200;9,1;1,471;1,200;9,2;0,661;1,200;9,8;0,877;1,200;9,5;1,287;1,200;9,9;1,618
1,250;9,8;0,494;1,250;9,7;-0,009;1,250;9,7;-0,006;1,250;9,6;0,604;1,250;9,3;1,651;1,250;9,7;1,608;1,250;9,3;0,814;1,250;9,3;0,923;1,250;9,6;1,374;1,250;10,5;1,649
1,300;9,8;0,524;1,300;9,8;-0,008;1,300;9,7;-0,005;1,300;9,4;0,707;1,300;9,3;1,458;1,300;9,4;1,745;1,300;9,4;0,966;1,300;9,9;0,968;1,300;10,1;1,385;1,300;9,4;1,150
1,350;9,8;0,554;1,350;9,7;-0,005;1,350;9,7;-0,004;1,350;9,4;0,810;1,350;9,8;0,770;1,350;9,8;1,680;1,350;9,3;1,119;1,350;10,2;1,014;1,350;9,3;0,950;1,350;20,5;0,238
1,400;9,9;0,584;1,400;9,7;0,011;1,400;9,7;-0,002;1,400;9,6;0,915;1,400;0,1;-0,107;1,400;9,4;1,069;1,400;9,3;1,272;1,400;9,5;1,059;1,400;17,3;0,158;1,400;14,8;-0,556
1,450;10,0;0,613;1,450;9,7;0,045;1,450;9,7;-0,002;1,450;9,6;1,020;1,450;14,6;-0,675;1,450;11,4;0,115;1,450;8,6;1,425;1,450;9,9;0,913;1,450;5,4;-0,542;1,450;9,3;-0,818
1,500;9,6;0,642;1,500;9,7;0,097;1,500;9,7;-0,002;1,500;8,9;1,123;1,500;10,8;-0,742;1,500;14,4;-0,625;1,500;9,4;1,577;1,500;9,9;0,434;1,500;10,3;-0,798;1,500;10,2;-0,665
1,550;9,8;0,671;1,550;9,8;0,154;1,550;9,7;-0,001;1,550;9,8;1,225;1,550;9,5;-0,615;1,550;9,4;-0,804;1,550;8,9;1,730;1,550;5,3;-0,187;1,550;10,2;-0,704;1,550;9,2;-0,530
1,600;9,7;0,701;1,600;9,8;0,211;1,600;9,7;0,005;1,600;9,4;1,327;1,600;9,5;-0,484;1,600;9,2;-0,629;1,600;9,7;1,840;1,600;13,6;-0,614;1,600;9,5;-0,627;1,600;9,3;-0,391
1,650;9,9;0,731;1,650;9,7;0,268;1,650;9,6;0,026;1,650;9,8;1,430;1,650;9,5;-0,352;1,650;9,3;-0,452;1,650;8,7;1,384;1,650;7,8;-0,699;1,650;9,7;-0,546;1,650;9,5;-0,246
1,700;9,8;0,760;1,700;9,7;0,325;1,700;9,7;0,072;1,700;9,4;1,535;1,700;9,2;-0,219;1,700;9,5;-0,278;1,700;18,1;0,417;1,700;9,7;-0,632;1,700;9,3;-0,458;1,700;9,5;-0,103
1,750;9,7;0,790;1,750;9,7;0,382;1,750;9,6;0,138;1,750;9,5;1,500;1,750;9,4;-0,088;1,750;9,3;-0,114;1,750;4,9;-0,493;1,750;8,7;-0,554;1,750;9,9;-0,366;1,750;9,3;0,025
1,800;9,9;0,822;1,800;9,7;0,438;1,800;9,6;0,214;1,800;9,4;0,970;1,800;9,7;0,038;1,800;9,4;0,028;1,800;4,8;-0,833;1,800;9,7;-0,469;1,800;9,7;-0,273;1,800;9,5;0,140
1,850;9,6;0,853;1,850;9,6;0,494;1,850;9,7;0,291;1,850;13,6;0,095;1,850;9,4;0,156;1,850;9,4;0,146;1,850;9,0;-0,656;1,850;9,8;-0,381;1,850;9,6;-0,181;1,850;9,4;0,251
1,900;10,0;0,884;1,900;9,7;0,550;1,900;9,6;0,367;1,900;10,5;-0,630;1,900;9,5;0,268;1,900;9,4;0,247;1,900;9,4;-0,480;1,900;9,7;-0,295;1,900;9,6;-0,088;1,900;9,4;0,367
1,950;10,0;0,914;1,950;9,8;0,607;1,950;9,7;0,444;1,950;9,3;-0,853;1,950;9,5;0,377;1,950;9,5;0,345;1,950;9,3;-0,293;1,950;9,7;-0,213;1,950;9,6;0,004;1,950;9,5;0,488
2,000;9,5;0,943;2,000;9,8;0,664;2,000;9,6;0,521;2,000;8,6;-0,718;2,000;9,6;0,487;2,000;9,6;0,452;2,000;9,3;-0,113;2,000;9,7;-0,133;2,000;9,6;0,094;2,000;9,7;0,611
2,050;9,7;0,850;2,050;9,6;0,721;2,050;9,8;0,597;2,050;9,2;-0,584;2,050;9,4;0,600;2,050;9,3;0,571;2,050;9,2;0,041;2,050;9,7;-0,060;2,050;9,6;0,183;2,050;9,2;0,734
2,100;10,2;0,455;2,100;9,6;0,778;2,100;9,5;0,674;2,100;9,7;-0,442;2,100;9,3;0,714;2,100;9,3;0,696;2,100;9,3;0,168;2,100;9,7;-0,004;2,100;9,7;0,270;2,100;9,6;0,692
2,150;10,2;-0,116;2,150;9,8;0,836;2,150;9,6;0,750;2,150;9,6;-0,298;2,150;9,8;0,692;2,150;9,4;0,630;2,150;9,2;0,284;2,150;9,7;0,033;2,150;9,7;0,358;2,150;9,4;0,347
2,200;5,7;-0,563;2,200;9,5;0,894;2,200;9,7;0,826;2,200;9,6;-0,159;2,200;10,1;0,369;2,200;9,7;0,276;2,200;9,1;0,407;2,200;9,7;0,058;2,200;9,6;0,445;2,200;6,6;-0,130
2,250;8,4;-0,713;2,250;9,8;0,951;2,250;9,6;0,902;2,250;9,6;-0,037;2,250;8,7;-0,122;2,250;5,4;-0,174;2,250;9,3;0,542;2,250;9,7;0,080;2,250;9,4;0,533;2,250;5,2;-0,441
2,300;9,3;-0,685;2,300;9,6;1,008;2,300;9,6;0,979;2,300;9,5;0,059;2,300;11,7;-0,480;2,300;5,4;-0,420;2,300;9,3;0,686;2,300;9,7;0,103;2,300;9,7;0,620;2,300;5,3;-0,450
2,350;9,1;-0,657;2,350;10,1;1,065;2,350;9,6;1,055;2,350;9,6;0,134;2,350;10,5;-0,534;2,350;3,9;-0,360;2,350;9,1;0,710;2,350;9,7;0,125;2,350;9,8;0,707;2,350;9,7;-0,318
2,400;9,6;-0,623;2,400;9,7;1,123;2,400;9,8;1,132;2,400;9,4;0,195;2,400;9,5;-0,418;2,400;4,9;-0,198;2,400;9,1;0,421;2,400;9,7;0,145;2,400;9,7;0,791;2,400;9,5;-0,181
2,450;9,8;-0,589;2,450;9,9;1,180;2,450;10,2;1,209;2,450;9,5;0,255;2,450;9,4;-0,294;2,450;9,8;-0,051;2,450;8,7;-0,046;2,450;9,7;0,161;2,450;9,6;0,664;2,450;9,5;-0,043
2,500;9,8;-0,554;2,500;9,6;1,234;2,500;9,6;1,285;2,500;9,7;0,322;2,500;9,5;-0,169;2,500;9,3;0,072;2,500;5,5;-0,386;2,500;9,7;0,171;2,500;10,0;0,245;2,500;9,1;0,090
2,550;9,8;-0,519;2,550;9,7;0,958;2,550;9,5;1,361;2,550;9,4;0,403;2,550;9,5;-0,043;2,550;9,4;0,185;2,550;9,2;-0,409;2,550;9,8;0,175;2,550;6,2;-0,260;2,550;9,5;0,216
2,600;9,9;-0,484;2,600;11,9;0,305;2,600;9,7;1,244;2,600;9,4;0,496;2,600;9,5;0,081;2,600;9,3;0,299;2,600;5,0;-0,247;2,600;9,7;0,179;2,600;14,2;-0,553;2,600;9,7;0,338
2,650;9,7;-0,450;2,650;5,7;-0,395;2,650;9,5;0,703;2,650;9,4;0,591;2,650;9,4;0,204;2,650;9,2;0,400;2,650;15,2;-0,093;2,650;9,8;0,192;2,650;10,9;-0,550;2,650;9,4;0,455
2,700;9,8;-0,416;2,700;9,9;-0,762;2,700;8,3;-0,066;2,700;9,4;0,687;2,700;9,3;0,324;2,700;9,4;0,335;2,700;10,3;0,058;2,700;9,7;0,217;2,700;9,5;-0,455;2,700;9,3;0,434
2,750;10,0;-0,381;2,750;10,1;-0,749;2,750;11,0;-0,635;2,750;9,3;0,665;2,750;9,5;0,443;2,750;11,1;0,102;2,750;9,1;0,201;2,750;9,7;0,251;2,750;9,7;-0,352;2,750;10,2;0,196
2,800;9,8;-0,346;2,800;9,8;-0,684;2,800;9,8;-0,774;2,800;9,8;0,356;2,800;10,1;0,552;2,800;2,0;-0,108;2,800;9,4;0,345;2,800;9,8;0,287;2,800;10,0;-0,246;2,800;7,4;-0,121
2,850;9,7;-0,312;2,850;9,9;-0,616;2,850;9,9;-0,676;2,850;10,7;-0,103;2,850;9,7;0,462;2,850;5,7;-0,137;2,850;9,5;0,441;2,850;9,7;0,324;2,850;9,6;-0,137;2,850;5,4;-0,295
2,900;9,9;-0,278;2,900;9,5;-0,545;2,900;9,6;-0,570;2,900;5,8;-0,418;2,900;10,3;0,145;2,900;10,1;-0,016;2,900;9,3;0,316;2,900;9,7;0,362;2,900;9,6;-0,038;2,900;6,7;-0,247
2,950;9,8;-0,245;2,950;9,5;-0,472;2,950;9,9;-0,457;2,950;5,5;-0,446;2,950;6,4;-0,197;2,950;9,1;0,086;2,950;11,8;0,025;2,950;9,8;0,402;2,950;9,6;0,043;2,950;11,5;-0,116
3,000;9,8;-0,211;3,000;9,8;-0,398;3,000;9,7;-0,342;3,000;16,6;-0,331;3,000;5,5;-0,336;3,000;9,4;0,131;3,000;5,7;-0,219;3,000;9,8;0,441;3,000;9,6;0,113;3,000;9,0;0,014
3,050;9,8;-0,178;3,050;9,5;-0,324;3,050;9,5;-0,230;3,050;11,4;-0,238;3,050;7,7;-0,248;3,050;9,4;0,109;3,050;5,3;-0,236;3,050;9,8;0,460;3,050;9,6;0,182;3,050;9,4;0,137
3,100;9,8;-0,143;3,100;9,9;-0,251;3,100;9,7;-0,124;3,100;9,6;-0,141;3,100;12,5;-0,124;3,100;9,1;0,064;3,100;7,2;-0,078;3,100;9,8;0,334;3,100;9,5;0,256;3,100;8,4;0,248
3,150;9,8;-0,108;3,150;9,8;-0,174;3,150;9,7;-0,030;3,150;9,6;-0,032;3,150;8,5;-0,004;3,150;9,4;0,029;3,150;13,6;0,070;3,150;9,1;0,049;3,150;9,7;0,333;3,150;9,4;0,300
3,200;9,8;-0,072;3,200;9,7;-0,096;3,200;9,6;0,044;3,200;9,5;0,076;3,200;9,5;0,117;3,200;8,7;0,020;3,200;9,3;0,197;3,200;9,7;-0,250;3,200;10,0;0,411;3,200;9,5;0,236
3,250;9,8;-0,035;3,250;9,8;-0,030;3,250;9,7;0,101;3,250;9,4;0,178;3,250;7,9;0,234;3,250;11,1;0,013;3,250;9,2;0,253;3,250;9,8;-0,399;3,250;9,3;0,489;3,250;7,8;0,114
3,300;9,8;0,000;3,300;9,7;0,015;3,300;9,6;0,151;3,300;9,7;0,276;3,300;11,1;0,344;3,300;10,4;-0,002;3,300;9,5;0,200;3,300;9,7;-0,380;3,300;9,5;0,524;3,300;9,0;0,023
3,350;9,8;0,034;3,350;9,7;0,045;3,350;9,7;0,198;3,350;9,5;0,370;3,350;9,5;0,310;3,350;9,5;0,000;3,350;8,5;0,101;3,350;9,8;-0,319;3,350;9,6;0,350;3,350;9,4;0,007
3,400;9,8;0,065;3,400;9,7;0,077;3,400;9,6;0,240;3,400;9,6;0,456;3,400;9,1;0,142;3,400;9,4;-8,084E-4;3,400;9,3;0,028;3,400;9,9;-0,257;3,400;10,8;0,008;3,400;9,6;0,018
3,450;9,8;0,096;3,450;9,7;0,117;3,450;9,6;0,274;3,450;9,6;0,396;3,450;9,5;-0,013;3,450;9,4;-4,042E-4;3,450;9,8;0,013;3,450;9,8;-0,194;3,450;5,7;-0,288;3,450;9,5;0,009
3,500;9,8;0,127;3,500;9,7;0,160;3,500;9,6;0,306;3,500;9,4;0,133;3,500;9,7;-0,017;3,500;9,3;0,000;3,500;9,2;0,013;3,500;9,7;-0,128;3,500;4,9;-0,363;3,500;9,3;0,000
3,550;9,8;0,158;3,550;9,8;0,205;3,550;9,6;0,346;3,550;6,8;-0,192;3,550;9,5;0,070;3,550;9,4;0,000;3,550;9,3;0,002;3,550;9,8;-0,064;3,550;8,8;-0,255;3,550;9,4;
3,600;9,8;0,189;3,600;9,6;0,250;3,600;9,7;0,399;3,600;11,1;-0,374;3,600;9,4;0,097;3,600;9,4;0,000;3,600;9,2;0,003;3,600;9,7;-0,014;3,600;9,9;-0,139;;;
3,650;9,9;0,219;3,650;9,7;0,296;3,650;10,0;0,464;3,650;10,1;-0,349;3,650;9,5;0,072;3,650;9,4;0,000;3,650;9,3;0,001;3,650;9,7;0,015;3,650;9,6;-0,038;;;
3,700;9,8;0,250;3,700;9,9;0,345;3,700;9,4;0,530;3,700;10,1;-0,248;3,700;9,6;0,034;3,700;9,4;0,000;3,700;9,3;0,001;3,700;9,7;0,034;3,700;9,6;0,038;;;
3,750;9,9;0,280;3,750;9,8;0,395;3,750;9,5;0,594;3,750;9,4;-0,139;3,750;9,4;0,014;3,750;9,4;0,000;3,750;9,2;0,001;3,750;9,8;0,057;3,750;9,6;0,090;;;
3,800;9,7;0,310;3,800;9,5;0,445;3,800;9,9;0,523;3,800;9,6;-0,031;3,800;9,5;-0,002;3,800;9,4;0,000;3,800;9,3;0,001;3,800;9,8;0,086;3,800;9,6;0,130;;;
3,850;9,8;0,340;3,850;9,5;0,496;3,850;9,4;0,219;3,850;9,5;0,076;3,850;9,5;4,042E-4;3,850;9,4;0,000;3,850;9,2;8,084E-4;3,850;9,8;;3,850;9,5;0,168;;;
3,900;9,7;0,371;3,900;9,5;0,546;3,900;7,5;-0,184;3,900;9,6;0,181;3,900;9,5;0,000;3,900;9,4;0,000;3,900;9,3;4,042E-4;;;;3,900;9,5;0,206;;;
3,950;9,8;0,401;3,950;9,6;0,600;3,950;13,4;-0,452;3,950;9,6;0,283;3,950;9,4;0,000;3,950;9,4;0,000;3,950;9,3;0,000;;;;3,950;9,6;;;;
4,000;9,7;0,430;4,000;9,5;0,654;4,000;9,6;-0,483;4,000;9,6;0,373;4,000;9,5;0,000;4,000;9,4;0,000;4,000;9,3;0,000;;;;;;;;;
4,050;10,0;0,461;4,050;8,9;0,657;4,050;10,3;-0,408;4,050;9,6;0,337;4,050;9,5;4,042E-4;4,050;9,4;0,000;4,050;9,3;0,000;;;;;;;;;
4,100;9,8;0,492;4,100;10,7;0,411;4,100;9,6;-0,327;4,100;9,4;0,116;4,100;9,5;8,084E-4;4,100;9,4;0,000;4,100;9,3;0,000;;;;;;;;;
4,150;9,8;0,522;4,150;10,5;-0,042;4,150;9,7;-0,244;4,150;9,0;-0,170;4,150;9,4;8,084E-4;4,150;9,4;0,000;4,150;9,3;0,000;;;;;;;;;
4,200;9,8;0,552;4,200;11,2;-0,456;4,200;9,7;-0,161;4,200;9,5;-0,334;4,200;9,5;4,042E-4;4,200;9,4;0,000;4,200;9,2;0,000;;;;;;;;;
4,250;9,7;0,581;4,250;10,1;-0,620;4,250;9,6;-0,078;4,250;9,5;-0,310;4,250;9,5;0,000;4,250;9,4;0,000;4,250;9,3;0,000;;;;;;;;;
4,300;9,8;0,611;4,300;9,7;-0,574;4,300;9,6;0,003;4,300;9,5;-0,208;4,300;9,4;0,000;4,300;9,4;0,000;4,300;9,3;0,000;;;;;;;;;
4,350;9,6;0,641;4,350;9,7;-0,515;4,350;9,6;0,083;4,350;9,5;-0,100;4,350;9,5;0,000;4,350;9,4;0,000;4,350;9,3;0,000;;;;;;;;;
4,400;9,7;0,670;4,400;9,7;-0,453;4,400;9,7;0,162;4,400;9,5;0,008;4,400;9,5;0,000;4,400;9,4;0,000;4,400;9,3;0,000;;;;;;;;;
4,450;9,6;0,639;4,450;9,6;-0,391;4,450;9,6;0,239;4,450;9,6;;4,450;9,5;0,000;4,450;9,4;0,000;4,450;9,2;4,042E-4;;;;;;;;;
4,500;9,8;0,378;4,500;9,8;-0,330;4,500;9,6;0,316;;;;4,500;9,5;0,000;4,500;9,4;0,000;4,500;9,3;8,084E-4;;;;;;;;;
4,550;9,7;-0,061;4,550;9,7;-0,269;4,550;9,7;0,390;;;;4,550;9,5;0,000;4,550;9,4;0,000;4,550;9,3;8,084E-4;;;;;;;;;
4,600;10,1;-0,450;4,600;9,8;-0,208;4,600;10,9;0,461;;;;4,600;9,5;0,000;4,600;9,4;0,000;4,600;9,2;4,042E-4;;;;;;;;;
4,650;9,7;-0,610;4,650;9,7;-0,147;4,650;9,6;0,454;;;;4,650;9,5;0,000;4,650;9,4;0,000;4,650;9,3;0,000;;;;;;;;;
4,700;9,8;-0,590;4,700;9,7;-0,085;4,700;9,7;0,251;;;;4,700;9,5;0,000;4,700;9,3;0,000;4,700;9,3;0,000;;;;;;;;;
4,750;9,9;-0,559;4,750;9,8;-0,023;4,750;8,4;-0,077;;;;4,750;9,5;0,000;4,750;9,4;0,000;4,750;9,2;;;;;;;;;;
4,800;9,6;-0,525;4,800;9,7;0,038;4,800;9,2;-0,334;;;;4,800;9,5;0,000;4,800;9,4;0,000;;;;;;;;;;;;
4,850;9,9;-0,490;4,850;9,7;0,099;4,850;9,8;-0,388;;;;4,850;9,5;0,000;4,850;9,4;0,000;;;;;;;;;;;;
4,900;9,9;-0,456;4,900;9,8;0,158;4,900;9,6;-0,304;;;;4,900;9,5;0,000;4,900;9,3;0,000;;;;;;;;;;;;
4,950;9,9;-0,422;4,950;9,7;0,216;4,950;9,9;-0,209;;;;4,950;9,5;0,000;4,950;9,4;0,000;;;;;;;;;;;;
5,000;9,9;-0,388;5,000;9,7;0,274;5,000;9,7;-0,115;;;;5,000;9,5;0,000;5,000;9,4;0,000;;;;;;;;;;;;
5,050;9,7;-0,353;5,050;9,7;0,333;5,050;9,6;-0,028;;;;5,050;9,5;0,000;5,050;9,4;0,000;;;;;;;;;;;;
5,100;9,8;-0,317;5,100;9,7;0,390;5,100;9,5;0,048;;;;5,100;9,5;0,000;5,100;9,4;0,000;;;;;;;;;;;;
5,150;9,7;-0,282;5,150;9,7;0,448;5,150;9,6;0,114;;;;5,150;9,5;0,000;5,150;9,4;0,000;;;;;;;;;;;;
5,200;9,9;-0,247;5,200;9,7;0,506;5,200;9,7;0,174;;;;5,200;9,5;0,000;5,200;9,4;0,000;;;;;;;;;;;;
5,250;9,8;-0,213;5,250;9,7;0,563;5,250;9,7;0,235;;;;5,250;9,5;0,000;5,250;9,4;0,000;;;;;;;;;;;;
5,300;9,8;-0,180;5,300;9,8;0,606;5,300;9,8;0,295;;;;5,300;9,5;0,000;5,300;9,4;0,000;;;;;;;;;;;;
5,350;9,8;-0,146;5,350;9,7;0,458;5,350;9,9;0,336;;;;5,350;9,5;0,000;5,350;9,4;0,000;;;;;;;;;;;;
5,400;9,8;-0,113;5,400;9,7;0,084;5,400;9,6;0,263;;;;5,400;9,4;0,000;5,400;9,4;0,000;;;;;;;;;;;;
5,450;9,8;-0,080;5,450;9,9;-0,327;5,450;10,0;0,055;;;;5,450;9,5;0,000;5,450;9,4;0,000;;;;;;;;;;;;
5,500;9,8;-0,046;5,500;9,7;-0,546;5,500;9,7;-0,268;;;;5,500;9,5;0,000;5,500;9,4;0,000;;;;;;;;;;;;
5,550;9,8;-0,013;5,550;9,8;-0,537;5,550;9,5;;;;;5,550;9,5;0,000;5,550;9,4;0,000;;;;;;;;;;;;
5,600;9,8;0,019;5,600;9,7;-0,477;;;;;;;5,600;9,5;0,000;5,600;9,4;0,000;;;;;;;;;;;;
5,650;9,8;0,050;5,650;9,8;-0,416;;;;;;;5,650;9,5;0,000;5,650;9,4;0,000;;;;;;;;;;;;
5,700;9,8;0,081;5,700;9,7;-0,355;;;;;;;5,700;9,5;0,000;5,700;9,4;0,000;;;;;;;;;;;;
5,750;9,8;0,112;5,750;9,7;-0,293;;;;;;;5,750;9,5;0,000;5,750;9,4;0,000;;;;;;;;;;;;
5,800;9,8;0,143;5,800;9,9;-0,233;;;;;;;5,800;9,5;0,000;5,800;9,4;0,000;;;;;;;;;;;;
5,850;9,8;0,175;5,850;9,8;-0,172;;;;;;;5,850;9,5;0,000;5,850;9,4;0,000;;;;;;;;;;;;
5,900;9,8;0,205;5,900;9,7;-0,111;;;;;;;5,900;9,5;0,000;5,900;9,4;0,000;;;;;;;;;;;;
5,950;9,8;0,236;5,950;9,7;-0,050;;;;;;;5,950;9,5;0,000;5,950;9,4;0,000;;;;;;;;;;;;
6,000;9,9;0,266;6,000;9,7;0,011;;;;;;;6,000;9,5;0,000;6,000;9,4;0,000;;;;;;;;;;;;
6,050;9,7;0,295;6,050;9,7;0,070;;;;;;;6,050;9,5;0,000;6,050;9,4;0,000;;;;;;;;;;;;
6,100;9,8;0,325;6,100;9,7;0,130;;;;;;;6,100;9,5;0,000;6,100;9,4;0,000;;;;;;;;;;;;
6,150;9,9;0,354;6,150;9,7;0,188;;;;;;;6,150;9,4;;6,150;9,4;0,000;;;;;;;;;;;;
6,200;9,7;0,383;6,200;9,8;0,247;;;;;;;;;;6,200;9,4;0,000;;;;;;;;;;;;
6,250;9,7;0,413;6,250;9,7;0,304;;;;;;;;;;6,250;9,4;0,000;;;;;;;;;;;;
6,300;9,9;0,443;6,300;9,9;0,363;;;;;;;;;;6,300;9,4;0,000;;;;;;;;;;;;
6,350;9,8;0,473;6,350;9,7;0,421;;;;;;;;;;6,350;9,4;0,000;;;;;;;;;;;;
6,400;9,7;0,503;6,400;9,8;0,478;;;;;;;;;;6,400;9,4;0,000;;;;;;;;;;;;
6,450;9,6;0,533;6,450;9,6;0,533;;;;;;;;;;6,450;9,4;0,000;;;;;;;;;;;;
6,500;9,9;0,562;6,500;9,7;0,513;;;;;;;;;;6,500;9,4;0,000;;;;;;;;;;;;
6,550;9,6;0,570;6,550;9,8;0,284;;;;;;;;;;6,550;9,4;0,000;;;;;;;;;;;;
6,600;9,6;0,403;6,600;9,8;-0,087;;;;;;;;;;6,600;9,4;0,000;;;;;;;;;;;;
6,650;9,9;0,046;6,650;10,1;-0,390;;;;;;;;;;6,650;9,4;0,000;;;;;;;;;;;;
6,700;9,9;-0,326;6,700;9,7;-0,481;;;;;;;;;;6,700;9,4;0,000;;;;;;;;;;;;
6,750;9,7;-0,524;6,750;9,7;-0,428;;;;;;;;;;6,750;9,4;0,000;;;;;;;;;;;;
6,800;9,8;-0,530;6,800;9,6;-0,368;;;;;;;;;;6,800;9,4;0,000;;;;;;;;;;;;
6,850;9,7;-0,500;6,850;9,7;-0,308;;;;;;;;;;6,850;9,4;0,000;;;;;;;;;;;;
6,900;9,7;-0,466;6,900;9,7;-0,246;;;;;;;;;;6,900;9,4;0,000;;;;;;;;;;;;
6,950;9,8;-0,432;6,950;9,7;-0,185;;;;;;;;;;6,950;9,4;0,000;;;;;;;;;;;;
7,000;9,8;-0,397;7,000;9,7;-0,124;;;;;;;;;;7,000;9,3;0,000;;;;;;;;;;;;
7,050;9,9;-0,363;7,050;9,7;-0,064;;;;;;;;;;7,050;9,4;0,000;;;;;;;;;;;;
7,100;9,8;-0,328;7,100;9,7;-0,004;;;;;;;;;;7,100;9,4;0,000;;;;;;;;;;;;
7,150;9,8;-0,294;7,150;9,7;0,055;;;;;;;;;;7,150;9,4;0,000;;;;;;;;;;;;
7,200;9,9;-0,260;7,200;9,8;0,113;;;;;;;;;;7,200;9,4;0,000;;;;;;;;;;;;
7,250;9,7;;7,250;9,8;0,171;;;;;;;;;;7,250;9,4;;;;;;;;;;;;;
;;;7,300;9,7;0,230;;;;;;;;;;;;;;;;;;;;;;;;
;;;7,350;9,8;0,289;;;;;;;;;;;;;;;;;;;;;;;;
;;;7,400;9,8;0,346;;;;;;;;;;;;;;;;;;;;;;;;
;;;7,450;9,6;0,403;;;;;;;;;;;;;;;;;;;;;;;;
;;;7,500;9,6;0,456;;;;;;;;;;;;;;;;;;;;;;;;
;;;7,550;9,8;0,435;;;;;;;;;;;;;;;;;;;;;;;;
;;;7,600;9,8;0,226;;;;;;;;;;;;;;;;;;;;;;;;
;;;7,650;9,5;-0,103;;;;;;;;;;;;;;;;;;;;;;;;
;;;7,700;9,8;-0,367;;;;;;;;;;;;;;;;;;;;;;;;
;;;7,750;9,6;-0,442;;;;;;;;;;;;;;;;;;;;;;;;
;;;7,800;9,8;-0,393;;;;;;;;;;;;;;;;;;;;;;;;
;;;7,850;9,8;-0,334;;;;;;;;;;;;;;;;;;;;;;;;
;;;7,900;9,7;-0,274;;;;;;;;;;;;;;;;;;;;;;;;
;;;7,950;9,7;-0,212;;;;;;;;;;;;;;;;;;;;;;;;
;;;8,000;9,8;-0,151;;;;;;;;;;;;;;;;;;;;;;;;
;;;8,050;9,7;-0,090;;;;;;;;;;;;;;;;;;;;;;;;
;;;8,100;9,7;-0,029;;;;;;;;;;;;;;;;;;;;;;;;
;;;8,150;9,7;0,031;;;;;;;;;;;;;;;;;;;;;;;;
;;;8,200;9,7;0,091;;;;;;;;;;;;;;;;;;;;;;;;
;;;8,250;9,7;0,150;;;;;;;;;;;;;;;;;;;;;;;;
;;;8,300;9,7;0,208;;;;;;;;;;;;;;;;;;;;;;;;
;;;8,350;9,7;0,266;;;;;;;;;;;;;;;;;;;;;;;;
;;;8,400;9,8;0,324;;;;;;;;;;;;;;;;;;;;;;;;
;;;8,450;9,8;0,380;;;;;;;;;;;;;;;;;;;;;;;;
;;;8,500;9,8;0,430;;;;;;;;;;;;;;;;;;;;;;;;
;;;8,550;9,6;0,380;;;;;;;;;;;;;;;;;;;;;;;;
;;;8,600;9,8;0,154;;;;;;;;;;;;;;;;;;;;;;;;
;;;8,650;9,6;-0,154;;;;;;;;;;;;;;;;;;;;;;;;
;;;8,700;9,8;-0,369;;;;;;;;;;;;;;;;;;;;;;;;
;;;8,750;9,7;-0,407;;;;;;;;;;;;;;;;;;;;;;;;
;;;8,800;9,7;-0,354;;;;;;;;;;;;;;;;;;;;;;;;
;;;8,850;9,9;-0,295;;;;;;;;;;;;;;;;;;;;;;;;
;;;8,900;9,8;-0,235;;;;;;;;;;;;;;;;;;;;;;;;
;;;8,950;9,8;-0,175;;;;;;;;;;;;;;;;;;;;;;;;
;;;9,000;9,7;-0,114;;;;;;;;;;;;;;;;;;;;;;;;
;;;9,050;9,8;-0,053;;;;;;;;;;;;;;;;;;;;;;;;
;;;9,100;9,7;0,008;;;;;;;;;;;;;;;;;;;;;;;;
;;;9,150;9,7;0,069;;;;;;;;;;;;;;;;;;;;;;;;
;;;9,200;9,7;0,128;;;;;;;;;;;;;;;;;;;;;;;;
;;;9,250;9,7;0,186;;;;;;;;;;;;;;;;;;;;;;;;
;;;9,300;9,7;0,244;;;;;;;;;;;;;;;;;;;;;;;;
;;;9,350;9,7;;;;;;;;;;;;;;;;;;;;;;;;;
